imagen,cpr,longitud_px,num_componentes,area_max,grado_daño,operador
7069-1.jpg,13.8702,21348,524,402,moderado,prewitt
7069-10.jpg,12.0041,18194,466,986,moderado,prewitt
7069-100.jpg,12.5275,18447,386,1120,moderado,prewitt
7069-101.jpg,12.9135,19380,383,1089,moderado,prewitt
7069-104.jpg,12.5305,18823,420,1203,moderado,prewitt
7069-11.jpg,11.644,17158,386,1434,moderado,prewitt
7069-12.jpg,10.6812,15459,376,802,moderado,prewitt
7069-13.jpg,5.7602,6965,98,3254,moderado,prewitt
7069-14.jpg,12.619,19190,498,468,moderado,prewitt
7069-15.jpg,13.208,20142,484,824,moderado,prewitt
7069-16.jpg,8.3481,11395,230,809,moderado,prewitt
7069-17.jpg,11.0916,16361,390,710,moderado,prewitt
7069-18.jpg,7.4127,9872,219,504,moderado,prewitt
7069-19.jpg,14.2334,21995,514,707,moderado,prewitt
7069-2.jpg,15.6189,24339,589,585,moderado,prewitt
7069-20.jpg,15.3931,23819,558,552,moderado,prewitt
7069-21.jpg,11.2656,16775,424,628,moderado,prewitt
7069-22.jpg,14.7461,22642,509,731,moderado,prewitt
7069-23.jpg,12.0544,18154,448,689,moderado,prewitt
7069-24.jpg,11.1771,16570,431,757,moderado,prewitt
7069-25.jpg,11.4059,16838,387,536,moderado,prewitt
7069-26.jpg,8.2077,11318,277,1342,moderado,prewitt
7069-27.jpg,12.7533,19445,497,1224,moderado,prewitt
7069-28.jpg,13.1638,20158,530,443,moderado,prewitt
7069-29.jpg,12.2131,18199,455,847,moderado,prewitt
7069-3.jpg,7.3517,9621,192,2752,moderado,prewitt
7069-30.jpg,11.2061,16496,398,687,moderado,prewitt
7069-31.jpg,12.7762,19324,464,688,moderado,prewitt
7069-32.jpg,11.0992,16396,391,618,moderado,prewitt
7069-33.jpg,10.4675,15196,354,1527,moderado,prewitt
7069-34.jpg,11.8286,17618,410,651,moderado,prewitt
7069-35.jpg,12.381,18488,493,550,moderado,prewitt
7069-36.jpg,7.8583,10429,178,1216,moderado,prewitt
7069-37.jpg,15.1367,23550,583,382,moderado,prewitt
7069-38.jpg,10.1303,14816,413,1540,moderado,prewitt
7069-39.jpg,14.5477,22445,547,442,moderado,prewitt
7069-4.jpg,12.851,19255,422,456,moderado,prewitt
7069-40.jpg,13.4232,20630,507,459,moderado,prewitt
7069-41.jpg,12.0438,18022,442,597,moderado,prewitt
7069-42.jpg,8.6853,12214,264,463,moderado,prewitt
7069-43.jpg,10.2402,14796,354,661,moderado,prewitt
7069-44.jpg,11.6257,17322,428,736,moderado,prewitt
7069-45.jpg,11.7279,17428,458,591,moderado,prewitt
7069-46.jpg,8.3603,11358,250,1183,moderado,prewitt
7069-47.jpg,12.3932,18711,493,486,moderado,prewitt
7069-48.jpg,14.0518,21651,557,480,moderado,prewitt
7069-49.jpg,12.5717,18972,451,1018,moderado,prewitt
7069-5.jpg,11.702,17382,419,535,moderado,prewitt
7069-50.jpg,13.2599,20114,504,424,moderado,prewitt
7069-51.jpg,13.092,19711,454,663,moderado,prewitt
7069-52.jpg,10.2905,14903,347,788,moderado,prewitt
7069-53.jpg,10.4523,15210,354,679,moderado,prewitt
7069-54.jpg,7.8674,10532,206,2063,moderado,prewitt
7069-55.jpg,14.5554,22528,544,605,moderado,prewitt
7069-56.jpg,15.1901,23850,588,644,moderado,prewitt
7069-57.jpg,14.3188,22201,568,789,moderado,prewitt
7069-58.jpg,12.41,18759,456,965,moderado,prewitt
7069-59.jpg,12.3703,18664,469,869,moderado,prewitt
7069-6.jpg,11.5387,17088,416,793,moderado,prewitt
7069-60.jpg,11.7935,17636,426,597,moderado,prewitt
7069-61.jpg,12.1201,18026,428,733,moderado,prewitt
7069-62.jpg,10.0723,14132,288,1964,moderado,prewitt
7069-63.jpg,11.8057,17659,440,781,moderado,prewitt
7069-64.jpg,9.6619,13834,329,886,moderado,prewitt
7069-65.jpg,12.561,18716,408,1201,moderado,prewitt
7069-66.jpg,12.471,18716,438,774,moderado,prewitt
7069-67.jpg,10.231,14660,331,1513,moderado,prewitt
7069-68.jpg,13.681,21007,544,625,moderado,prewitt
7069-69.jpg,13.0341,19764,439,754,moderado,prewitt
7069-7.jpg,11.6653,17289,410,485,moderado,prewitt
7069-70.jpg,14.0686,21430,492,755,moderado,prewitt
7069-71.jpg,11.0077,16247,415,866,moderado,prewitt
7069-72.jpg,9.5352,13359,246,2871,moderado,prewitt
7069-73.jpg,10.5743,15247,319,1125,moderado,prewitt
7069-74.jpg,10.9528,16117,340,2784,moderado,prewitt
7069-75.jpg,11.6104,17057,341,1648,moderado,prewitt
7069-76.jpg,10.6689,15554,295,1644,moderado,prewitt
7069-77.jpg,10.614,15192,282,2045,moderado,prewitt
7069-78.jpg,10.5698,15243,290,920,moderado,prewitt
7069-79.jpg,11.8759,17536,383,985,moderado,prewitt
7069-8.jpg,9.2468,13149,313,1654,moderado,prewitt
7069-80.jpg,13.0112,19699,493,807,moderado,prewitt
7069-81.jpg,11.0596,15864,339,1734,moderado,prewitt
7069-82.jpg,10.7697,15465,333,1915,moderado,prewitt
7069-83.jpg,12.0209,17854,394,1089,moderado,prewitt
7069-84.jpg,11.7905,17350,368,1454,moderado,prewitt
7069-85.jpg,11.5234,16928,365,1453,moderado,prewitt
7069-86.jpg,14.0839,21323,466,1859,moderado,prewitt
7069-87.jpg,11.9568,17813,432,538,moderado,prewitt
7069-88.jpg,10.7376,15687,361,811,moderado,prewitt
7069-89.jpg,8.9874,12361,240,1540,moderado,prewitt
7069-9.jpg,13.3469,20473,483,362,moderado,prewitt
7069-90.jpg,10.3256,14861,337,479,moderado,prewitt
7069-91.jpg,14.0945,21584,487,890,moderado,prewitt
7069-92.jpg,14.1006,21681,526,1256,moderado,prewitt
7069-93.jpg,13.8336,20937,472,1265,moderado,prewitt
7069-94.jpg,13.6398,20493,415,1079,moderado,prewitt
7069-95.jpg,13.1973,19887,457,1734,moderado,prewitt
7069-96.jpg,12.3901,18644,428,884,moderado,prewitt
7069-97.jpg,13.6551,20951,490,717,moderado,prewitt
7069-98.jpg,13.5437,20655,519,649,moderado,prewitt
7069-99.jpg,13.1348,19867,499,427,moderado,prewitt
